"customerid","country","no_orders","total_spend"
"14646","Netherlands",77,"$279,489.02"
"18102","United Kingdom",62,"$256,438.49"
"17450","United Kingdom",55,"$187,482.17"
"14911","EIRE",248,"$132,572.62"
"12415","Australia",26,"$123,725.45"
"14156","EIRE",66,"$113,384.14"
"17511","United Kingdom",46,"$88,125.38"
"16684","United Kingdom",31,"$65,892.08"
"13694","United Kingdom",60,"$62,653.10"
"15311","United Kingdom",118,"$59,419.34"
"13089","United Kingdom",118,"$57,385.88"
"14096","United Kingdom",34,"$57,120.91"
"15061","United Kingdom",55,"$54,228.74"
"17949","United Kingdom",52,"$52,750.84"
"15769","United Kingdom",29,"$51,823.72"
"16029","United Kingdom",76,"$50,992.61"
"14298","United Kingdom",45,"$50,862.44"
"14088","United Kingdom",14,"$50,415.49"
"17841","United Kingdom",169,"$40,340.78"
"13798","United Kingdom",63,"$36,351.42"
"16422","United Kingdom",75,"$33,805.69"
"12931","United Kingdom",20,"$33,462.81"
"16013","United Kingdom",54,"$33,366.25"
"15838","United Kingdom",21,"$33,350.76"
"17389","United Kingdom",43,"$31,300.08"
"17404","Sweden",18,"$30,300.82"
"12748","United Kingdom",224,"$29,072.10"
"13098","United Kingdom",41,"$28,658.88"
"13081","United Kingdom",21,"$27,964.48"
"13408","United Kingdom",81,"$27,487.41"
"14680","United Kingdom",23,"$26,932.34"
"17857","United Kingdom",25,"$26,763.34"
"16333","United Kingdom",22,"$26,626.80"
"13777","United Kingdom",41,"$25,748.35"
"15749","United Kingdom",4,"$21,535.90"
"16210","United Kingdom",18,"$21,086.30"
"12753","Japan",11,"$21,024.01"
"17381","United Kingdom",30,"$20,272.43"
"17675","United Kingdom",41,"$20,098.10"
"15039","United Kingdom",52,"$19,786.44"
"12731","France",14,"$18,793.41"
"12471","Germany",49,"$18,740.92"
"15159","United Kingdom",34,"$18,573.68"
"12678","France",13,"$17,588.26"
"17428","United Kingdom",33,"$17,078.45"
"13881","United Kingdom",22,"$16,989.52"
"13767","United Kingdom",52,"$16,945.71"
"12921","United Kingdom",50,"$16,389.74"
"12901","United Kingdom",36,"$16,293.10"
"17677","United Kingdom",43,"$16,219.22"
"15856","United Kingdom",31,"$16,173.67"
"15189","United Kingdom",53,"$15,802.14"
"14051","United Kingdom",26,"$15,477.34"
"16839","United Kingdom",39,"$15,357.78"
"14031","United Kingdom",23,"$14,634.64"
"15513","United Kingdom",22,"$14,520.08"
"16133","United Kingdom",46,"$14,305.66"
"14866","United Kingdom",13,"$14,197.45"
"16705","United Kingdom",29,"$13,946.13"
"12681","France",27,"$13,677.59"
"12621","Germany",23,"$13,612.07"
"12433","Norway",7,"$13,375.87"
"12540","Spain",19,"$13,309.04"
"12477","Germany",9,"$13,117.01"
"17735","United Kingdom",19,"$13,110.02"
"14258","United Kingdom",10,"$12,650.08"
"15640","United Kingdom",17,"$12,433.34"
"13078","United Kingdom",43,"$12,432.28"
"15498","United Kingdom",35,"$12,396.46"
"16000","United Kingdom",3,"$12,393.70"
"12682","France",31,"$12,288.22"
"12557","Spain",5,"$11,990.96"
"16525","United Kingdom",29,"$11,895.57"
"17340","United Kingdom",16,"$11,891.18"
"14606","United Kingdom",128,"$11,713.85"
"12939","United Kingdom",8,"$11,581.80"
"14607","United Kingdom",17,"$11,341.10"
"14194","United Kingdom",32,"$11,216.75"
"15125","United Kingdom",23,"$11,117.05"
"12409","Switzerland",7,"$11,056.93"
"14895","United Kingdom",24,"$11,020.26"
"12971","United Kingdom",89,"$10,930.26"
"13340","United Kingdom",7,"$10,736.48"
"17581","United Kingdom",31,"$10,736.11"
"13319","United Kingdom",36,"$10,664.34"
"14769","United Kingdom",10,"$10,641.60"
"17139","United Kingdom",15,"$10,585.57"
"13113","United Kingdom",40,"$10,510.00"
"14062","United Kingdom",12,"$10,464.85"
"16779","United Kingdom",28,"$10,454.05"
"17107","United Kingdom",7,"$10,380.43"
"15615","United Kingdom",27,"$10,360.04"
"15251","United Kingdom",15,"$10,327.11"
"16180","United Kingdom",10,"$10,217.48"
"16843","United Kingdom",17,"$10,183.82"
"17865","United Kingdom",27,"$10,158.54"
"17706","United Kingdom",22,"$10,097.37"
"12590","Germany",3,"$9,861.38"
"13199","United Kingdom",39,"$9,803.96"
"13001","United Kingdom",15,"$9,797.92"
"15078","United Kingdom",38,"$9,623.35"
"13458","United Kingdom",22,"$9,537.92"
"14733","United Kingdom",15,"$9,451.54"
"16523","United Kingdom",28,"$9,295.67"
"12709","Germany",26,"$9,294.10"
"14667","United Kingdom",27,"$9,231.20"
"14367","United Kingdom",19,"$9,167.82"
"12744","Singapore",10,"$9,120.39"
"12567","France",11,"$9,114.94"
"18092","United Kingdom",12,"$9,065.76"
"13969","United Kingdom",20,"$8,986.69"
"12451","Switzerland",6,"$8,933.52"
"13488","United Kingdom",17,"$8,910.61"
"16033","United Kingdom",27,"$8,727.61"
"13090","United Kingdom",18,"$8,689.39"
"17243","United Kingdom",30,"$8,628.55"
"17306","United Kingdom",21,"$8,600.73"
"17017","United Kingdom",27,"$8,574.11"
"16656","United Kingdom",21,"$8,568.24"
"18139","United Kingdom",8,"$8,393.22"
"16558","United Kingdom",24,"$8,257.04"
"15358","United Kingdom",29,"$8,234.80"
"12683","France",20,"$8,221.09"
"14056","United Kingdom",29,"$8,124.40"
"14936","Channel Islands",9,"$8,117.42"
"16672","United Kingdom",23,"$8,093.59"
"13854","United Kingdom",29,"$8,025.02"
"18109","United Kingdom",31,"$7,925.32"
"14952","United Kingdom",15,"$7,912.79"
"14849","United Kingdom",28,"$7,904.28"
"12428","Finland",12,"$7,877.20"
"14796","United Kingdom",27,"$7,839.51"
"12435","Denmark",2,"$7,829.89"
"15290","United Kingdom",21,"$7,803.77"
"13629","United Kingdom",11,"$7,792.36"
"13093","United Kingdom",13,"$7,741.47"
"14527","United Kingdom",86,"$7,711.38"
"17811","United Kingdom",51,"$7,677.71"
"15044","United Kingdom",22,"$7,629.38"
"15194","United Kingdom",22,"$7,521.17"
"18172","United Kingdom",25,"$7,490.17"
"13263","United Kingdom",35,"$7,454.07"
"17396","United Kingdom",8,"$7,330.80"
"18229","United Kingdom",20,"$7,276.90"
"13018","United Kingdom",29,"$7,272.75"
"12583","France",18,"$7,187.34"
"16745","United Kingdom",18,"$7,170.70"
"12474","Germany",30,"$7,116.47"
"12980","United Kingdom",12,"$7,092.06"
"16729","United Kingdom",26,"$7,076.28"
"13324","United Kingdom",12,"$7,072.80"
"16873","United Kingdom",10,"$7,066.31"
"13985","United Kingdom",16,"$7,024.53"
"14961","United Kingdom",12,"$7,006.58"
"12766","Portugal",7,"$6,989.63"
"12798","Japan",3,"$6,977.04"
"15465","United Kingdom",24,"$6,945.02"
"13027","United Kingdom",6,"$6,912.00"
"12989","United Kingdom",19,"$6,854.51"
"16187","United Kingdom",17,"$6,841.24"
"16713","United Kingdom",21,"$6,840.23"
"17416","United Kingdom",9,"$6,838.34"
"12705","Germany",14,"$6,814.24"
"15023","United Kingdom",12,"$6,763.16"
"18055","United Kingdom",11,"$6,752.14"
"16532","United Kingdom",3,"$6,748.80"
"12830","United Kingdom",7,"$6,748.40"
"15601","United Kingdom",17,"$6,745.36"
"13576","United Kingdom",20,"$6,703.30"
"16746","United Kingdom",19,"$6,694.31"
"16353","United Kingdom",23,"$6,675.71"
"16923","United Kingdom",26,"$6,666.83"
"15249","United Kingdom",15,"$6,657.36"
"16652","United Kingdom",11,"$6,654.26"
"16182","United Kingdom",4,"$6,617.65"
"17338","United Kingdom",10,"$6,612.18"
"15482","United Kingdom",16,"$6,568.72"
"12476","Germany",20,"$6,546.58"
"15144","United Kingdom",18,"$6,530.04"
"16814","United Kingdom",22,"$6,500.60"
"15694","United Kingdom",15,"$6,423.60"
"13871","United Kingdom",14,"$6,389.80"
"12626","Germany",13,"$6,388.35"
"13102","United Kingdom",27,"$6,336.29"
"18223","United Kingdom",27,"$6,315.23"
"16126","United Kingdom",4,"$6,287.77"
"13709","United Kingdom",17,"$6,249.11"
"12359","Cyprus",6,"$6,245.53"
"12472","Germany",13,"$6,229.48"
"13668","United Kingdom",29,"$6,216.07"
"12357","Switzerland",1,"$6,207.67"
"17315","United Kingdom",43,"$6,204.46"
"15005","United Kingdom",35,"$6,180.49"
"14057","United Kingdom",18,"$6,147.40"
"14060","United Kingdom",20,"$6,135.38"
"15939","United Kingdom",16,"$6,102.26"
"17509","United Kingdom",11,"$6,100.74"
"13225","United Kingdom",8,"$6,083.04"
"14101","United Kingdom",6,"$5,976.79"
"12637","France",10,"$5,953.25"
"15382","United Kingdom",8,"$5,927.86"
"13097","United Kingdom",14,"$5,893.32"
"13418","United Kingdom",23,"$5,845.44"
"14944","United Kingdom",14,"$5,842.95"
"13209","United Kingdom",11,"$5,820.16"
"14505","United Kingdom",11,"$5,818.70"
"13316","United Kingdom",5,"$5,815.49"
"14415","United Kingdom",18,"$5,811.56"
"14735","United Kingdom",34,"$5,807.69"
"15218","United Kingdom",11,"$5,756.89"
"17686","United Kingdom",7,"$5,739.46"
"13178","United Kingdom",11,"$5,725.47"
"12720","Germany",29,"$5,713.28"
"13050","United Kingdom",28,"$5,684.61"
"14110","United Kingdom",13,"$5,669.65"
"16553","United Kingdom",14,"$5,664.57"
"13468","United Kingdom",41,"$5,656.75"
"14049","United Kingdom",6,"$5,639.15"
"13004","United Kingdom",22,"$5,613.43"
"13534","United Kingdom",43,"$5,613.08"
"18118","United Kingdom",31,"$5,595.77"
"17049","United Kingdom",11,"$5,594.78"
"12481","Germany",11,"$5,590.86"
"17757","United Kingdom",31,"$5,585.49"
"12839","United Kingdom",16,"$5,583.62"
"16767","United Kingdom",11,"$5,580.60"
"15502","United Kingdom",23,"$5,541.46"
"17716","United Kingdom",12,"$5,505.79"
"16985","United Kingdom",11,"$5,461.62"
"15805","United Kingdom",20,"$5,452.17"
"16609","United Kingdom",9,"$5,450.96"
"12431","Australia",16,"$5,443.61"
"16265","United Kingdom",11,"$5,423.15"
"12490","France",10,"$5,417.93"
"17719","United Kingdom",18,"$5,367.80"
"18225","United Kingdom",17,"$5,361.02"
"16161","United Kingdom",26,"$5,352.97"
"13269","United Kingdom",17,"$5,315.92"
"16303","United Kingdom",4,"$5,305.83"
"15150","United Kingdom",11,"$5,303.97"
"17730","United Kingdom",15,"$5,288.83"
"17850","United Kingdom",35,"$5,288.63"
"16258","United Kingdom",5,"$5,203.51"
"18226","United Kingdom",14,"$5,192.10"
"15727","United Kingdom",7,"$5,178.96"
"17858","United Kingdom",12,"$5,155.66"
"12362","Belgium",13,"$5,154.58"
"16701","United Kingdom",18,"$5,150.27"
"13756","United Kingdom",15,"$5,145.12"
"15903","United Kingdom",8,"$5,126.34"
"17061","United Kingdom",12,"$5,116.13"
"14688","United Kingdom",27,"$5,107.38"
"18198","United Kingdom",21,"$5,083.06"
"15046","United Kingdom",16,"$5,064.01"
"12432","Norway",5,"$5,059.32"
"13139","United Kingdom",8,"$5,055.79"
"17602","United Kingdom",8,"$5,050.77"
"15719","United Kingdom",14,"$5,043.96"
"16700","United Kingdom",17,"$5,040.00"
"13599","United Kingdom",33,"$5,030.60"
"15301","United Kingdom",14,"$5,028.12"
"17426","United Kingdom",7,"$5,022.26"
"12444","Norway",5,"$5,005.46"
"14755","United Kingdom",12,"$4,965.38"
"15547","United Kingdom",14,"$4,954.84"
"14329","United Kingdom",14,"$4,928.74"
"16191","United Kingdom",25,"$4,913.32"
"13941","United Kingdom",7,"$4,912.41"
"14709","United Kingdom",14,"$4,911.14"
"12437","France",19,"$4,896.66"
"17133","United Kingdom",7,"$4,892.24"
"12688","Israel",1,"$4,873.81"
"12700","France",6,"$4,867.99"
"12664","Finland",10,"$4,863.88"
"15786","United Kingdom",5,"$4,834.20"
"14292","United Kingdom",14,"$4,819.33"
"17365","United Kingdom",8,"$4,801.56"
"15738","United Kingdom",19,"$4,788.77"
"13013","United Kingdom",15,"$4,786.99"
"15555","United Kingdom",20,"$4,758.20"
"17690","United Kingdom",16,"$4,748.45"
"17652","United Kingdom",18,"$4,737.13"
"12955","United Kingdom",14,"$4,734.26"
"16722","United Kingdom",16,"$4,711.21"
"14562","United Kingdom",22,"$4,709.22"
"12714","France",5,"$4,708.86"
"14135","United Kingdom",15,"$4,690.31"
"15152","United Kingdom",16,"$4,684.24"
"14159","United Kingdom",14,"$4,678.30"
"15187","United Kingdom",18,"$4,670.08"
"14191","United Kingdom",14,"$4,660.01"
"14180","United Kingdom",31,"$4,640.77"
"17809","United Kingdom",15,"$4,627.62"
"14189","United Kingdom",24,"$4,604.31"
"16931","United Kingdom",21,"$4,604.22"
"15291","United Kingdom",20,"$4,596.51"
"14286","United Kingdom",5,"$4,595.81"
"14390","United Kingdom",13,"$4,592.47"
"14004","United Kingdom",7,"$4,582.64"
"17068","United Kingdom",22,"$4,531.34"
"17613","United Kingdom",17,"$4,509.37"
"12484","Spain",8,"$4,495.27"
"12524","Germany",8,"$4,485.72"
"12627","Germany",7,"$4,478.53"
"15032","United Kingdom",5,"$4,464.10"
"17364","United Kingdom",12,"$4,455.73"
"14085","United Kingdom",19,"$4,435.79"
"15093","United Kingdom",9,"$4,410.14"
"13267","United Kingdom",27,"$4,404.44"
"17975","United Kingdom",14,"$4,393.61"
"16984","United Kingdom",5,"$4,392.42"
"15955","United Kingdom",16,"$4,389.81"
"16626","United Kingdom",20,"$4,379.65"
"12752","Norway",1,"$4,366.78"
"16945","United Kingdom",19,"$4,345.50"
"15874","United Kingdom",9,"$4,330.67"
"14016","EIRE",5,"$4,328.46"
"18251","United Kingdom",1,"$4,314.72"
"12347","Iceland",7,"$4,310.00"
"17937","United Kingdom",7,"$4,301.22"
"13505","Switzerland",8,"$4,282.88"
"15034","United Kingdom",11,"$4,277.66"
"14422","United Kingdom",6,"$4,263.64"
"12712","Germany",17,"$4,241.63"
"14800","United Kingdom",16,"$4,236.34"
"12757","Portugal",19,"$4,227.70"
"14525","United Kingdom",13,"$4,221.37"
"12500","Germany",13,"$4,206.27"
"17920","United Kingdom",17,"$4,204.10"
"17419","United Kingdom",14,"$4,200.97"
"15971","United Kingdom",12,"$4,199.85"
"12747","United Kingdom",11,"$4,196.01"
"18041","United Kingdom",22,"$4,161.14"
"16549","United Kingdom",10,"$4,154.64"
"13555","United Kingdom",4,"$4,149.28"
"12949","United Kingdom",10,"$4,143.02"
"13384","United Kingdom",9,"$4,122.28"
"15570","United Kingdom",13,"$4,109.97"
"12536","France",5,"$4,106.82"
"13988","United Kingdom",9,"$4,098.80"
"14534","United Kingdom",25,"$4,075.35"
"16592","United Kingdom",19,"$4,073.28"
"12449","Belgium",4,"$4,067.29"
"12569","Germany",35,"$4,064.99"
"14092","United Kingdom",17,"$4,063.10"
"16401","United Kingdom",20,"$4,061.24"
"14401","United Kingdom",14,"$4,039.98"
"16670","United Kingdom",17,"$4,022.46"
"13815","Germany",5,"$4,014.91"
"17567","United Kingdom",10,"$4,012.56"
"12378","Switzerland",1,"$4,008.62"
"16186","United Kingdom",13,"$3,991.94"
"17001","United Kingdom",11,"$3,989.57"
"14547","United Kingdom",9,"$3,986.74"
"12867","United Kingdom",10,"$3,986.22"
"12656","France",8,"$3,982.72"
"12957","United Kingdom",12,"$3,979.04"
"15416","United Kingdom",5,"$3,974.37"
"15529","United Kingdom",12,"$3,967.78"
"17769","United Kingdom",12,"$3,960.63"
"13183","United Kingdom",9,"$3,957.78"
"14277","France",4,"$3,957.00"
"17611","United Kingdom",19,"$3,947.87"
"12727","France",9,"$3,947.70"
"17377","United Kingdom",21,"$3,925.92"
"14426","United Kingdom",16,"$3,918.90"
"17593","United Kingdom",6,"$3,911.56"
"13802","United Kingdom",6,"$3,906.27"
"14739","United Kingdom",8,"$3,899.10"
"17651","United Kingdom",14,"$3,886.67"
"12841","United Kingdom",26,"$3,876.40"
"14291","United Kingdom",12,"$3,873.30"
"12779","Poland",12,"$3,868.70"
"12749","United Kingdom",8,"$3,868.20"
"13124","United Kingdom",3,"$3,866.33"
"13999","United Kingdom",15,"$3,865.26"
"18073","United Kingdom",13,"$3,864.44"
"15195","United Kingdom",1,"$3,861.00"
"12539","Spain",5,"$3,852.50"
"15804","United Kingdom",19,"$3,848.55"
"16327","United Kingdom",6,"$3,844.22"
"12662","Germany",12,"$3,817.08"
"17091","United Kingdom",10,"$3,802.81"
"15867","United Kingdom",16,"$3,797.79"
"16655","United Kingdom",6,"$3,794.52"
"13435","United Kingdom",9,"$3,794.49"
"15299","United Kingdom",11,"$3,787.09"
"12562","France",7,"$3,781.74"
"15298","United Kingdom",14,"$3,774.10"
"16168","United Kingdom",28,"$3,770.60"
"18087","United Kingdom",4,"$3,770.12"
"17173","United Kingdom",9,"$3,755.65"
"13523","United Kingdom",6,"$3,755.38"
"16904","United Kingdom",16,"$3,754.27"
"17238","United Kingdom",17,"$3,744.65"
"12668","Germany",6,"$3,743.18"
"16145","United Kingdom",18,"$3,741.98"
"14282","United Kingdom",15,"$3,729.34"
"15808","United Kingdom",5,"$3,724.77"
"12502","Spain",5,"$3,723.87"
"13069","United Kingdom",27,"$3,717.82"
"13266","United Kingdom",19,"$3,717.67"
"14364","United Kingdom",8,"$3,717.35"
"16240","United Kingdom",5,"$3,693.81"
"12597","Spain",5,"$3,683.13"
"12647","Germany",13,"$3,669.92"
"16253","United Kingdom",3,"$3,665.62"
"17819","United Kingdom",8,"$3,661.07"
"12553","France",14,"$3,652.25"
"18079","United Kingdom",4,"$3,651.97"
"15845","United Kingdom",10,"$3,650.87"
"16712","United Kingdom",11,"$3,645.43"
"16440","United Kingdom",5,"$3,640.67"
"15379","United Kingdom",8,"$3,631.89"
"13381","United Kingdom",7,"$3,626.81"
"16570","United Kingdom",15,"$3,622.95"
"13327","United Kingdom",9,"$3,617.57"
"15296","United Kingdom",10,"$3,610.31"
"13137","United Kingdom",9,"$3,605.08"
"16242","United Kingdom",8,"$3,598.26"
"13082","United Kingdom",10,"$3,595.48"
"14132","United Kingdom",12,"$3,580.13"
"17203","United Kingdom",6,"$3,563.85"
"15484","United Kingdom",5,"$3,563.11"
"13426","United Kingdom",12,"$3,550.70"
"14503","United Kingdom",6,"$3,543.26"
"15544","United Kingdom",11,"$3,542.51"
"14040","United Kingdom",15,"$3,542.19"
"17491","United Kingdom",11,"$3,541.92"
"17528","United Kingdom",11,"$3,540.10"
"13552","United Kingdom",16,"$3,539.53"
"13334","United Kingdom",3,"$3,536.82"
"17160","United Kingdom",6,"$3,518.03"
"13953","United Kingdom",7,"$3,515.68"
"16131","United Kingdom",6,"$3,506.54"
"15505","United Kingdom",7,"$3,497.14"
"13520","Switzerland",8,"$3,487.75"
"16458","United Kingdom",18,"$3,482.74"
"14907","United Kingdom",10,"$3,478.85"
"14395","United Kingdom",12,"$3,471.91"
"17230","United Kingdom",11,"$3,466.67"
"13448","United Kingdom",10,"$3,465.67"
"17576","United Kingdom",22,"$3,457.78"
"17758","United Kingdom",8,"$3,456.70"
"15410","United Kingdom",8,"$3,450.84"
"16019","United Kingdom",10,"$3,450.24"
"13536","United Kingdom",7,"$3,448.29"
"15129","United Kingdom",11,"$3,447.40"
"15113","United Kingdom",4,"$3,439.41"
"15581","United Kingdom",14,"$3,429.97"
"15974","United Kingdom",8,"$3,429.55"
"14221","United Kingdom",10,"$3,427.85"
"16360","United Kingdom",8,"$3,411.69"
"13993","United Kingdom",12,"$3,409.66"
"15981","United Kingdom",8,"$3,408.48"
"13437","United Kingdom",7,"$3,408.06"
"17669","United Kingdom",7,"$3,406.72"
"13842","United Kingdom",9,"$3,385.62"
"13198","United Kingdom",8,"$3,384.09"
"15228","United Kingdom",5,"$3,376.96"
"17725","United Kingdom",14,"$3,371.13"
"13014","United Kingdom",16,"$3,365.43"
"16011","United Kingdom",16,"$3,362.71"
"13148","United Kingdom",17,"$3,348.48"
"13015","United Kingdom",5,"$3,346.28"
"12643","France",6,"$3,344.64"
"15708","United Kingdom",11,"$3,329.72"
"15676","United Kingdom",5,"$3,324.09"
"12594","Italy",11,"$3,320.22"
"16818","United Kingdom",13,"$3,317.97"
"14227","United Kingdom",15,"$3,315.71"
"16556","United Kingdom",7,"$3,313.79"
"12429","Denmark",3,"$3,312.42"
"13373","United Kingdom",3,"$3,312.25"
"14841","United Kingdom",6,"$3,295.76"
"17183","United Kingdom",8,"$3,286.91"
"12480","Germany",4,"$3,281.63"
"12406","Denmark",3,"$3,280.75"
"16717","United Kingdom",9,"$3,278.36"
"17723","United Kingdom",6,"$3,276.40"
"12370","Cyprus",3,"$3,268.49"
"14702","United Kingdom",18,"$3,250.64"
"13952","United Kingdom",3,"$3,246.09"
"15764","United Kingdom",10,"$3,245.47"
"17050","United Kingdom",6,"$3,228.84"
"15622","United Kingdom",16,"$3,224.53"
"13880","United Kingdom",13,"$3,219.77"
"12613","Germany",6,"$3,218.98"
"12619","Germany",13,"$3,214.81"
"15443","United Kingdom",8,"$3,212.16"
"16107","United Kingdom",7,"$3,204.16"
"17220","United Kingdom",14,"$3,198.25"
"13868","United Kingdom",2,"$3,192.54"
"17685","United Kingdom",7,"$3,191.53"
"13758","United Kingdom",7,"$3,190.55"
"14844","United Kingdom",4,"$3,189.81"
"14388","United Kingdom",10,"$3,172.04"
"16837","United Kingdom",12,"$3,167.73"
"13268","United Kingdom",15,"$3,167.64"
"16041","United Kingdom",3,"$3,166.40"
"17863","United Kingdom",6,"$3,160.00"
"12456","Switzerland",4,"$3,153.89"
"14145","United Kingdom",5,"$3,148.20"
"15632","United Kingdom",10,"$3,147.31"
"12417","Belgium",11,"$3,142.50"
"15065","United Kingdom",6,"$3,135.98"
"17231","United Kingdom",14,"$3,127.82"
"13685","United Kingdom",7,"$3,119.44"
"14175","United Kingdom",7,"$3,108.06"
"17672","United Kingdom",4,"$3,106.62"
"13869","United Kingdom",4,"$3,104.95"
"13742","United Kingdom",14,"$3,102.42"
"13135","United Kingdom",1,"$3,096.00"
"17059","United Kingdom",5,"$3,095.04"
"14235","United Kingdom",6,"$3,093.86"
"14099","United Kingdom",12,"$3,092.97"
"15491","United Kingdom",7,"$3,090.85"
"14257","United Kingdom",6,"$3,087.27"
"16326","United Kingdom",15,"$3,085.96"
"13362","United Kingdom",5,"$3,085.49"
"16905","United Kingdom",8,"$3,085.48"
"15998","United Kingdom",6,"$3,084.17"
"13047","United Kingdom",18,"$3,079.10"
"12910","United Kingdom",8,"$3,075.04"
"14565","United Kingdom",6,"$3,073.77"
"18272","United Kingdom",7,"$3,064.78"
"16218","United Kingdom",8,"$3,054.87"
"16940","United Kingdom",3,"$3,049.88"
"14456","United Kingdom",14,"$3,047.63"
"16686","United Kingdom",9,"$3,043.48"
"16607","United Kingdom",16,"$3,038.67"
"16709","United Kingdom",5,"$3,029.87"
"17799","United Kingdom",11,"$3,026.08"
"16156","United Kingdom",13,"$3,024.62"
"13631","United Kingdom",12,"$3,021.77"
"18094","United Kingdom",7,"$3,017.30"
"16678","United Kingdom",17,"$3,013.83"
"12598","France",9,"$3,002.68"
"15861","United Kingdom",9,"$3,000.36"
"12395","Belgium",15,"$2,998.28"
"14307","United Kingdom",6,"$2,995.72"
"12670","France",6,"$2,986.15"
"12916","United Kingdom",5,"$2,982.35"
"15687","United Kingdom",11,"$2,981.50"
"15854","United Kingdom",12,"$2,974.65"
"16497","United Kingdom",6,"$2,965.69"
"15514","United Kingdom",13,"$2,963.19"
"17659","United Kingdom",14,"$2,954.75"
"14639","United Kingdom",8,"$2,952.34"
"17084","United Kingdom",2,"$2,949.75"
"14146","United Kingdom",6,"$2,949.57"
"12754","Japan",5,"$2,949.12"
"16393","United Kingdom",20,"$2,941.05"
"17444","Canada",3,"$2,940.04"
"14868","United Kingdom",9,"$2,939.64"
"14032","United Kingdom",18,"$2,929.84"
"14530","United Kingdom",6,"$2,925.91"
"17512","United Kingdom",11,"$2,920.04"
"12906","United Kingdom",5,"$2,919.81"
"13451","United Kingdom",6,"$2,916.45"
"14543","United Kingdom",21,"$2,916.17"
"12438","Norway",2,"$2,906.85"
"17924","United Kingdom",13,"$2,894.33"
"18144","United Kingdom",12,"$2,888.75"
"15673","United Kingdom",4,"$2,881.02"
"14251","United Kingdom",5,"$2,879.70"
"16633","United Kingdom",7,"$2,878.15"
"14005","United Kingdom",5,"$2,874.72"
"13901","United Kingdom",5,"$2,867.20"
"15628","United Kingdom",10,"$2,865.64"
"12685","France",6,"$2,863.08"
"18145","United Kingdom",4,"$2,861.55"
"14299","United Kingdom",18,"$2,855.35"
"12473","Germany",9,"$2,848.23"
"12408","Belgium",9,"$2,842.57"
"14535","United Kingdom",4,"$2,841.09"
"14711","United Kingdom",12,"$2,838.20"
"14852","United Kingdom",6,"$2,836.69"
"17596","United Kingdom",7,"$2,827.93"
"13174","United Kingdom",3,"$2,817.03"
"15984","United Kingdom",11,"$2,816.97"
"12356","Portugal",3,"$2,811.43"
"16081","United Kingdom",5,"$2,806.90"
"14572","United Kingdom",10,"$2,803.69"
"12758","Portugal",2,"$2,791.59"
"17739","United Kingdom",8,"$2,786.05"
"16928","United Kingdom",19,"$2,781.50"
"12388","Australia",6,"$2,780.66"
"14112","United Kingdom",12,"$2,774.17"
"13769","United Kingdom",16,"$2,771.87"
"17644","United Kingdom",17,"$2,768.98"
"15356","United Kingdom",10,"$2,766.50"
"13735","United Kingdom",8,"$2,766.18"
"13230","United Kingdom",15,"$2,763.41"
"16871","United Kingdom",7,"$2,761.49"
"15114","United Kingdom",10,"$2,760.56"
"16764","United Kingdom",18,"$2,758.25"
"14626","United Kingdom",7,"$2,757.07"
"15993","United Kingdom",10,"$2,756.82"
"16316","United Kingdom",12,"$2,755.56"
"12578","Italy",4,"$2,753.36"
"13870","United Kingdom",10,"$2,751.25"
"14854","United Kingdom",8,"$2,749.89"
"17504","United Kingdom",10,"$2,745.28"
"14903","United Kingdom",10,"$2,744.48"
"17213","United Kingdom",11,"$2,741.08"
"14125","United Kingdom",3,"$2,740.43"
"14121","United Kingdom",6,"$2,740.30"
"16003","United Kingdom",5,"$2,735.37"
"12380","Belgium",5,"$2,720.56"
"18230","United Kingdom",10,"$2,716.60"
"12840","United Kingdom",6,"$2,714.27"
"13285","United Kingdom",4,"$2,709.12"
"13654","United Kingdom",6,"$2,707.33"
"13971","United Kingdom",11,"$2,702.22"
"18097","United Kingdom",7,"$2,692.85"
"14107","United Kingdom",8,"$2,688.48"
"17386","United Kingdom",6,"$2,686.42"
"14732","United Kingdom",10,"$2,686.34"
"15796","United Kingdom",10,"$2,666.61"
"14713","United Kingdom",12,"$2,664.26"
"12360","Austria",3,"$2,662.06"
"14439","Greece",1,"$2,661.24"
"17069","United Kingdom",13,"$2,655.22"
"13851","United Kingdom",3,"$2,651.46"
"15321","United Kingdom",4,"$2,650.73"
"15696","United Kingdom",12,"$2,644.46"
"13804","United Kingdom",7,"$2,635.79"
"15671","United Kingdom",10,"$2,635.49"
"17402","United Kingdom",13,"$2,633.85"
"18077","United Kingdom",11,"$2,633.01"
"13771","United Kingdom",5,"$2,631.70"
"16618","United Kingdom",6,"$2,630.64"
"12721","France",7,"$2,628.98"
"15752","United Kingdom",8,"$2,628.93"
"17965","United Kingdom",14,"$2,622.57"
"18210","United Kingdom",6,"$2,621.38"
"14262","United Kingdom",8,"$2,618.23"
"12708","Germany",16,"$2,616.32"
"12625","Germany",3,"$2,614.32"
"12836","United Kingdom",4,"$2,612.86"
"17346","United Kingdom",16,"$2,611.58"
"16255","United Kingdom",10,"$2,609.30"
"12726","France",7,"$2,609.10"
"16241","United Kingdom",13,"$2,607.87"
"14408","United Kingdom",7,"$2,606.53"
"13422","United Kingdom",2,"$2,601.55"
"13644","United Kingdom",5,"$2,597.52"
"16919","United Kingdom",11,"$2,596.45"
"18260","United Kingdom",8,"$2,595.00"
"15782","United Kingdom",4,"$2,593.94"
"13983","United Kingdom",13,"$2,590.46"
"13895","United Kingdom",5,"$2,588.12"
"13021","United Kingdom",12,"$2,584.40"
"12520","Germany",6,"$2,582.51"
"12600","Germany",11,"$2,581.04"
"13911","United Kingdom",9,"$2,580.91"
"15485","United Kingdom",3,"$2,575.00"
"15521","United Kingdom",13,"$2,574.65"
"17655","United Kingdom",8,"$2,571.74"
"15033","United Kingdom",11,"$2,571.02"
"16308","United Kingdom",4,"$2,560.00"
"14397","United Kingdom",23,"$2,556.68"
"15572","United Kingdom",7,"$2,552.86"
"13136","United Kingdom",11,"$2,545.38"
"13344","United Kingdom",3,"$2,543.72"
"14676","United Kingdom",8,"$2,543.24"
"14334","United Kingdom",9,"$2,539.46"
"13883","United Kingdom",9,"$2,538.75"
"18075","United Kingdom",14,"$2,538.72"
"14243","United Kingdom",14,"$2,535.88"
"13471","United Kingdom",4,"$2,531.58"
"16912","United Kingdom",14,"$2,528.67"
"17317","United Kingdom",5,"$2,524.02"
"15245","United Kingdom",3,"$2,515.84"
"17728","United Kingdom",5,"$2,515.68"
"17314","United Kingdom",11,"$2,514.76"
"17700","United Kingdom",6,"$2,508.89"
"18245","United Kingdom",8,"$2,507.56"
"17449","United Kingdom",8,"$2,504.86"
"13695","United Kingdom",15,"$2,504.13"
"13975","United Kingdom",7,"$2,503.23"
"16477","United Kingdom",7,"$2,494.46"
"14546","United Kingdom",9,"$2,487.02"
"14701","United Kingdom",12,"$2,486.22"
"15271","United Kingdom",16,"$2,485.82"
"12913","United Kingdom",5,"$2,483.63"
"16710","United Kingdom",10,"$2,483.04"
"13507","United Kingdom",4,"$2,479.16"
"17164","United Kingdom",8,"$2,466.40"
"12517","Germany",6,"$2,464.89"
"17131","United Kingdom",5,"$2,463.17"
"13784","United Kingdom",11,"$2,462.79"
"15932","United Kingdom",11,"$2,461.85"
"17682","United Kingdom",7,"$2,459.33"
"14315","United Kingdom",7,"$2,456.98"
"14842","United Kingdom",8,"$2,456.80"
"14659","United Kingdom",12,"$2,456.53"
"15750","United Kingdom",9,"$2,451.23"
"14163","United Kingdom",4,"$2,445.91"
"13588","United Kingdom",13,"$2,445.12"
"13949","United Kingdom",6,"$2,427.32"
"14766","United Kingdom",8,"$2,423.07"
"15606","United Kingdom",11,"$2,422.64"
"13658","United Kingdom",7,"$2,421.47"
"15089","United Kingdom",6,"$2,420.84"
"16143","United Kingdom",7,"$2,419.84"
"12397","Belgium",2,"$2,409.90"
"17589","United Kingdom",4,"$2,404.17"
"15980","United Kingdom",3,"$2,398.86"
"13141","United Kingdom",6,"$2,385.80"
"17071","United Kingdom",14,"$2,385.48"
"17530","United Kingdom",10,"$2,385.00"
"14554","United Kingdom",4,"$2,381.04"
"17722","United Kingdom",6,"$2,380.64"
"18065","United Kingdom",15,"$2,380.08"
"14930","Channel Islands",3,"$2,372.86"
"13722","United Kingdom",4,"$2,369.16"
"14493","United Kingdom",7,"$2,362.84"
"17634","United Kingdom",9,"$2,361.97"
"15370","United Kingdom",8,"$2,360.55"
"14030","United Kingdom",8,"$2,360.09"
"14440","United Kingdom",5,"$2,357.68"
"14502","United Kingdom",14,"$2,351.02"
"15140","United Kingdom",8,"$2,350.00"
"15527","United Kingdom",10,"$2,348.82"
"13908","United Kingdom",5,"$2,347.05"
"18259","United Kingdom",3,"$2,338.60"
"17434","United Kingdom",9,"$2,333.42"
"12483","Sweden",13,"$2,327.13"
"14239","United Kingdom",13,"$2,323.50"
"14309","United Kingdom",10,"$2,319.68"
"15755","United Kingdom",8,"$2,318.88"
"13994","United Kingdom",6,"$2,313.14"
"13394","United Kingdom",10,"$2,312.80"
"17838","United Kingdom",6,"$2,312.70"
"14290","United Kingdom",6,"$2,307.45"
"15288","United Kingdom",5,"$2,306.52"
"15785","United Kingdom",8,"$2,303.75"
"17211","United Kingdom",9,"$2,299.67"
"15105","United Kingdom",7,"$2,298.93"
"15270","United Kingdom",9,"$2,298.20"
"17954","United Kingdom",16,"$2,295.37"
"13704","United Kingdom",10,"$2,295.31"
"15704","United Kingdom",4,"$2,293.62"
"12615","France",4,"$2,291.19"
"17744","United Kingdom",7,"$2,291.08"
"17313","United Kingdom",2,"$2,288.13"
"12684","France",7,"$2,283.63"
"17188","United Kingdom",9,"$2,275.58"
"12782","Portugal",6,"$2,273.32"
"17768","United Kingdom",3,"$2,273.18"
"14466","United Kingdom",7,"$2,272.40"
"16735","United Kingdom",7,"$2,269.21"
"16550","United Kingdom",9,"$2,266.25"
"18257","United Kingdom",12,"$2,265.38"
"13700","United Kingdom",10,"$2,265.12"
"13527","United Kingdom",8,"$2,263.76"
"16209","United Kingdom",5,"$2,262.62"
"14432","United Kingdom",6,"$2,255.51"
"15235","United Kingdom",12,"$2,247.51"
"16771","United Kingdom",5,"$2,246.81"
"16782","United Kingdom",19,"$2,242.25"
"15665","United Kingdom",2,"$2,242.01"
"15281","United Kingdom",12,"$2,239.95"
"16293","United Kingdom",12,"$2,236.74"
"14700","United Kingdom",3,"$2,235.30"
"18242","United Kingdom",4,"$2,232.49"
"14825","United Kingdom",12,"$2,226.91"
"12704","Finland",10,"$2,220.84"
"12876","Belgium",2,"$2,218.02"
"17591","United Kingdom",8,"$2,215.02"
"15373","United Kingdom",13,"$2,213.11"
"17442","United Kingdom",10,"$2,210.26"
"12653","Israel",2,"$2,209.85"
"14211","United Kingdom",13,"$2,208.30"
"15797","United Kingdom",4,"$2,207.40"
"13115","United Kingdom",14,"$2,205.63"
"12755","Japan",4,"$2,203.20"
"13831","United Kingdom",6,"$2,202.99"
"13680","United Kingdom",5,"$2,202.31"
"14226","United Kingdom",7,"$2,201.64"
"17696","United Kingdom",14,"$2,201.05"
"15123","United Kingdom",2,"$2,199.31"
"14776","United Kingdom",13,"$2,195.58"
"16743","United Kingdom",8,"$2,191.84"
"13365","United Kingdom",3,"$2,191.22"
"13862","United Kingdom",10,"$2,187.31"
"15179","United Kingdom",7,"$2,186.20"
"15394","United Kingdom",4,"$2,183.54"
"16628","United Kingdom",6,"$2,183.04"
"15722","United Kingdom",6,"$2,181.21"
"14808","United Kingdom",15,"$2,175.37"
"14560","United Kingdom",24,"$2,174.18"
"16076","United Kingdom",11,"$2,173.53"
"15811","United Kingdom",9,"$2,171.32"
"14341","United Kingdom",9,"$2,166.38"
"12856","United Kingdom",8,"$2,162.68"
"16456","United Kingdom",5,"$2,158.37"
"12935","United Kingdom",8,"$2,156.45"
"13755","United Kingdom",10,"$2,154.68"
"13224","United Kingdom",3,"$2,150.85"
"16966","United Kingdom",10,"$2,148.47"
"17272","United Kingdom",5,"$2,144.53"
"12633","Germany",5,"$2,140.63"
"16057","United Kingdom",10,"$2,140.22"
"13317","United Kingdom",9,"$2,140.07"
"14828","United Kingdom",3,"$2,139.76"
"16379","United Kingdom",5,"$2,131.90"
"17400","United Kingdom",5,"$2,129.96"
"12909","United Kingdom",8,"$2,128.83"
"14360","United Kingdom",4,"$2,128.23"
"16407","United Kingdom",10,"$2,126.93"
"15058","United Kingdom",11,"$2,124.99"
"18061","United Kingdom",10,"$2,119.41"
"13632","United Kingdom",6,"$2,117.02"
"18008","United Kingdom",9,"$2,116.19"
"14691","United Kingdom",5,"$2,114.33"
"14407","United Kingdom",9,"$2,111.08"
"13517","United Kingdom",5,"$2,109.07"
"13265","United Kingdom",5,"$2,107.66"
"18173","United Kingdom",4,"$2,106.84"
"14461","United Kingdom",3,"$2,103.06"
"14515","United Kingdom",6,"$2,102.09"
"12560","Germany",4,"$2,101.39"
"15815","United Kingdom",5,"$2,100.60"
"17191","United Kingdom",7,"$2,095.13"
"18283","United Kingdom",16,"$2,094.88"
"13571","United Kingdom",12,"$2,092.32"
"13297","United Kingdom",4,"$2,089.85"
"12501","Germany",2,"$2,089.68"
"14810","United Kingdom",11,"$2,087.88"
"18044","United Kingdom",11,"$2,085.65"
"16954","United Kingdom",9,"$2,085.08"
"15834","United Kingdom",6,"$2,084.90"
"18093","United Kingdom",5,"$2,083.42"
"14306","United Kingdom",3,"$2,083.42"
"14696","United Kingdom",9,"$2,070.97"
"14482","United Kingdom",6,"$2,068.15"
"14209","United Kingdom",7,"$2,067.13"
"18231","United Kingdom",6,"$2,066.17"
"12928","United Kingdom",5,"$2,062.70"
"16281","United Kingdom",1,"$2,062.06"
"17861","United Kingdom",9,"$2,059.20"
"18241","United Kingdom",18,"$2,058.09"
"12610","Italy",7,"$2,057.99"
"12518","Germany",5,"$2,056.89"
"13126","United Kingdom",10,"$2,056.29"
"17667","United Kingdom",5,"$2,055.51"
"12948","United Kingdom",8,"$2,053.70"
"17086","United Kingdom",6,"$2,050.08"
"17625","United Kingdom",4,"$2,047.00"
"17597","United Kingdom",1,"$2,044.37"
"14232","United Kingdom",8,"$2,043.93"
"13450","United Kingdom",6,"$2,043.72"
"14640","United Kingdom",8,"$2,042.15"
"17090","United Kingdom",8,"$2,041.85"
"17846","United Kingdom",1,"$2,033.10"
"14001","United Kingdom",4,"$2,030.33"
"16409","United Kingdom",5,"$2,028.88"
"16358","United Kingdom",5,"$2,024.95"
"14544","United Kingdom",2,"$2,024.45"
"16875","United Kingdom",9,"$2,023.47"
"18069","United Kingdom",7,"$2,021.82"
"15341","United Kingdom",1,"$2,020.52"
"18219","United Kingdom",11,"$2,019.77"
"14188","United Kingdom",10,"$2,018.91"
"14506","United Kingdom",5,"$2,012.17"
"15531","United Kingdom",2,"$2,007.44"
"15372","United Kingdom",1,"$2,007.40"
"16098","United Kingdom",7,"$2,005.63"
"14730","United Kingdom",8,"$2,005.06"
"17082","United Kingdom",2,"$2,003.85"
"16754","United Kingdom",1,"$2,002.40"
"13305","United Kingdom",10,"$2,000.86"
"18188","United Kingdom",4,"$1,998.49"
"16698","United Kingdom",2,"$1,998.00"
"13630","United Kingdom",11,"$1,995.68"
"17827","United Kingdom",5,"$1,995.46"
"17612","United Kingdom",10,"$1,992.76"
"17679","United Kingdom",2,"$1,992.11"
"17088","United Kingdom",4,"$1,991.01"
"13593","United Kingdom",6,"$1,990.28"
"13495","United Kingdom",6,"$1,990.12"
"17940","United Kingdom",14,"$1,983.58"
"12585","Germany",4,"$1,982.81"
"18204","United Kingdom",4,"$1,979.30"
"13590","United Kingdom",7,"$1,976.12"
"15493","United Kingdom",7,"$1,967.25"
"14462","United Kingdom",15,"$1,965.90"
"17790","United Kingdom",14,"$1,965.55"
"17218","United Kingdom",10,"$1,960.72"
"16341","United Kingdom",6,"$1,959.38"
"14498","United Kingdom",5,"$1,957.32"
"17554","United Kingdom",5,"$1,952.45"
"14653","United Kingdom",7,"$1,947.55"
"17337","United Kingdom",7,"$1,944.32"
"14418","United Kingdom",3,"$1,937.25"
"14472","United Kingdom",8,"$1,936.84"
"14978","United Kingdom",5,"$1,931.42"
"14655","United Kingdom",5,"$1,930.15"
"17406","United Kingdom",5,"$1,928.72"
"17490","United Kingdom",11,"$1,926.88"
"14217","United Kingdom",24,"$1,925.36"
"12528","Germany",8,"$1,922.28"
"13246","United Kingdom",7,"$1,922.10"
"16983","United Kingdom",8,"$1,920.20"
"12674","France",7,"$1,919.31"
"15518","United Kingdom",13,"$1,911.89"
"14285","United Kingdom",4,"$1,910.01"
"14409","United Kingdom",7,"$1,908.25"
"16426","United Kingdom",10,"$1,908.25"
"17228","United Kingdom",8,"$1,906.09"
"16150","United Kingdom",10,"$1,906.07"
"15819","United Kingdom",4,"$1,905.45"
"14250","United Kingdom",3,"$1,904.05"
"16938","United Kingdom",5,"$1,903.13"
"14210","United Kingdom",7,"$1,900.89"
"12762","Portugal",2,"$1,898.52"
"16942","United Kingdom",10,"$1,894.11"
"12584","Italy",18,"$1,893.95"
"17870","United Kingdom",13,"$1,889.40"
"14934","Channel Islands",3,"$1,888.84"
"12371","Switzerland",2,"$1,887.96"
"15641","United Kingdom",4,"$1,887.20"
"12853","United Kingdom",9,"$1,881.70"
"17463","United Kingdom",6,"$1,881.36"
"16170","United Kingdom",7,"$1,880.42"
"16128","United Kingdom",5,"$1,880.22"
"17293","United Kingdom",9,"$1,875.11"
"16986","United Kingdom",2,"$1,873.20"
"15021","United Kingdom",13,"$1,872.28"
"15157","United Kingdom",5,"$1,869.50"
"15367","United Kingdom",5,"$1,867.69"
"14524","United Kingdom",9,"$1,867.68"
"17787","United Kingdom",4,"$1,865.19"
"17738","United Kingdom",5,"$1,863.35"
"15351","United Kingdom",10,"$1,862.14"
"14887","United Kingdom",1,"$1,862.00"
"13982","United Kingdom",5,"$1,861.11"
"13890","United Kingdom",14,"$1,860.86"
"17422","United Kingdom",10,"$1,853.13"
"12423","Belgium",9,"$1,849.11"
"13421","United Kingdom",3,"$1,848.98"
"18180","United Kingdom",6,"$1,843.75"
"17469","United Kingdom",6,"$1,843.06"
"12950","United Kingdom",3,"$1,843.00"
"15814","United Kingdom",6,"$1,842.73"
"17015","United Kingdom",3,"$1,842.56"
"16102","United Kingdom",3,"$1,842.14"
"16455","United Kingdom",7,"$1,841.18"
"12963","United Kingdom",9,"$1,841.03"
"12383","Belgium",6,"$1,839.31"
"14216","United Kingdom",4,"$1,839.30"
"17519","United Kingdom",7,"$1,839.07"
"14459","United Kingdom",1,"$1,837.92"
"18287","United Kingdom",3,"$1,837.28"
"16152","United Kingdom",1,"$1,829.04"
"15203","United Kingdom",6,"$1,827.80"
"18122","United Kingdom",6,"$1,826.21"
"16153","United Kingdom",5,"$1,824.23"
"16169","United Kingdom",4,"$1,822.97"
"16201","United Kingdom",5,"$1,821.52"
"14533","United Kingdom",9,"$1,812.62"
"16474","United Kingdom",11,"$1,811.47"
"13725","United Kingdom",11,"$1,809.81"
"13650","United Kingdom",7,"$1,809.34"
"16979","United Kingdom",8,"$1,809.05"
"13048","United Kingdom",5,"$1,805.91"
"12381","Norway",6,"$1,803.96"
"14305","United Kingdom",5,"$1,803.76"
"15812","United Kingdom",5,"$1,801.14"
"16249","United Kingdom",5,"$1,800.07"
"13562","United Kingdom",3,"$1,799.33"
"13196","United Kingdom",4,"$1,797.78"
"17750","United Kingdom",9,"$1,797.57"
"12348","Finland",4,"$1,797.24"
"18235","United Kingdom",3,"$1,796.48"
"18179","United Kingdom",6,"$1,793.17"
"17648","United Kingdom",5,"$1,789.55"
"17663","United Kingdom",9,"$1,788.27"
"13875","United Kingdom",5,"$1,786.79"
"13510","United Kingdom",5,"$1,785.16"
"14608","United Kingdom",4,"$1,785.15"
"14935","Channel Islands",1,"$1,784.71"
"17629","United Kingdom",9,"$1,784.12"
"17705","United Kingdom",10,"$1,781.12"
"15260","United Kingdom",8,"$1,780.77"
"16380","United Kingdom",1,"$1,780.59"
"14215","United Kingdom",7,"$1,777.92"
"17092","United Kingdom",4,"$1,777.78"
"13481","United Kingdom",8,"$1,776.81"
"16841","United Kingdom",7,"$1,774.62"
"16719","United Kingdom",8,"$1,773.92"
"14387","United Kingdom",3,"$1,770.56"
"16681","United Kingdom",6,"$1,770.34"
"15864","United Kingdom",8,"$1,769.78"
"15594","United Kingdom",6,"$1,767.53"
"14621","United Kingdom",6,"$1,765.76"
"16751","United Kingdom",1,"$1,764.72"
"17873","United Kingdom",6,"$1,764.36"
"12424","Australia",2,"$1,760.96"
"12823","United Kingdom",5,"$1,759.50"
"15220","United Kingdom",7,"$1,758.92"
"12349","Italy",1,"$1,757.55"
"12645","Germany",5,"$1,755.38"
"13808","United Kingdom",5,"$1,747.66"
"12523","France",13,"$1,745.57"
"15067","United Kingdom",3,"$1,744.76"
"15674","United Kingdom",8,"$1,744.02"
"13134","United Kingdom",7,"$1,740.63"
"14595","United Kingdom",6,"$1,740.60"
"17930","United Kingdom",5,"$1,740.48"
"17353","United Kingdom",2,"$1,740.00"
"17754","United Kingdom",6,"$1,739.92"
"15241","United Kingdom",9,"$1,738.59"
"13456","United Kingdom",7,"$1,737.82"
"17457","United Kingdom",5,"$1,737.70"
"14673","United Kingdom",5,"$1,736.40"
"17043","United Kingdom",4,"$1,735.18"
"15050","United Kingdom",5,"$1,727.17"
"13157","United Kingdom",5,"$1,721.57"
"12457","Switzerland",9,"$1,721.43"
"17702","United Kingdom",6,"$1,719.72"
"15267","United Kingdom",5,"$1,717.36"
"17813","United Kingdom",7,"$1,714.60"
"12405","Finland",1,"$1,710.39"
"13094","United Kingdom",16,"$1,708.86"
"15947","United Kingdom",1,"$1,708.24"
"12407","Belgium",5,"$1,708.12"
"17162","United Kingdom",11,"$1,707.21"
"16902","United Kingdom",1,"$1,706.88"
"16791","United Kingdom",8,"$1,706.28"
"15950","United Kingdom",5,"$1,705.26"
"17282","United Kingdom",3,"$1,703.41"
"16007","United Kingdom",4,"$1,701.94"
"13824","United Kingdom",5,"$1,698.94"
"12455","Cyprus",2,"$1,698.90"
"14834","United Kingdom",8,"$1,698.35"
"16775","United Kingdom",11,"$1,695.66"
"12764","Lebanon",1,"$1,693.88"
"16813","United Kingdom",10,"$1,692.98"
"16671","United Kingdom",3,"$1,692.27"
"13763","United Kingdom",3,"$1,689.46"
"12635","Germany",2,"$1,689.18"
"15240","United Kingdom",7,"$1,685.57"
"15380","United Kingdom",6,"$1,682.36"
"13924","United Kingdom",11,"$1,682.08"
"12843","United Kingdom",9,"$1,680.76"
"17147","United Kingdom",6,"$1,679.64"
"14245","United Kingdom",5,"$1,677.48"
"16638","United Kingdom",11,"$1,676.47"
"13149","United Kingdom",4,"$1,676.06"
"17656","United Kingdom",5,"$1,674.69"
"17193","United Kingdom",9,"$1,674.46"
"13647","United Kingdom",5,"$1,670.22"
"16115","United Kingdom",8,"$1,667.97"
"12912","United Kingdom",5,"$1,662.30"
"15214","United Kingdom",8,"$1,661.44"
"15024","United Kingdom",10,"$1,661.33"
"15332","Lithuania",4,"$1,661.06"
"14045","United Kingdom",4,"$1,659.75"
"13577","United Kingdom",5,"$1,658.30"
"15549","United Kingdom",4,"$1,655.76"
"16711","United Kingdom",5,"$1,651.03"
"15826","United Kingdom",4,"$1,649.36"
"17451","United Kingdom",10,"$1,648.95"
"13184","United Kingdom",12,"$1,648.79"
"13750","United Kingdom",5,"$1,647.26"
"13162","United Kingdom",5,"$1,644.99"
"15002","United Kingdom",4,"$1,641.76"
"17284","United Kingdom",7,"$1,641.68"
"15827","United Kingdom",20,"$1,641.48"
"14837","United Kingdom",5,"$1,641.20"
"12398","Switzerland",1,"$1,635.66"
"15953","United Kingdom",10,"$1,634.53"
"14164","United Kingdom",2,"$1,631.77"
"16398","United Kingdom",4,"$1,631.15"
"12377","Switzerland",2,"$1,628.12"
"16515","United Kingdom",5,"$1,627.13"
"14759","United Kingdom",3,"$1,625.97"
"16987","United Kingdom",7,"$1,625.05"
"13425","United Kingdom",3,"$1,624.21"
"15172","United Kingdom",5,"$1,624.05"
"13627","United Kingdom",7,"$1,624.02"
"12530","Germany",5,"$1,623.63"
"17673","United Kingdom",7,"$1,622.22"
"17101","United Kingdom",4,"$1,621.73"
"14178","United Kingdom",7,"$1,620.93"
"14937","Channel Islands",4,"$1,617.63"
"14336","United Kingdom",4,"$1,614.91"
"18161","United Kingdom",6,"$1,612.79"
"15122","United Kingdom",6,"$1,612.13"
"14312","United Kingdom",6,"$1,611.59"
"13614","United Kingdom",4,"$1,610.46"
"14918","United Kingdom",2,"$1,610.15"
"12669","France",4,"$1,607.73"
"12868","United Kingdom",6,"$1,607.06"
"15791","United Kingdom",3,"$1,604.44"
"12783","Portugal",8,"$1,603.87"
"14573","United Kingdom",13,"$1,603.72"
"16466","United Kingdom",7,"$1,603.46"
"16992","United Kingdom",6,"$1,601.86"
"17828","Malta",9,"$1,599.97"
"14587","United Kingdom",10,"$1,598.24"
"14719","United Kingdom",6,"$1,592.18"
"14970","United Kingdom",4,"$1,592.06"
"13850","United Kingdom",2,"$1,586.81"
"16332","United Kingdom",8,"$1,583.20"
"12393","Australia",4,"$1,582.60"
"16889","United Kingdom",3,"$1,578.67"
"13634","United Kingdom",5,"$1,575.16"
"18178","United Kingdom",6,"$1,573.41"
"15611","United Kingdom",15,"$1,568.39"
"15111","United Kingdom",3,"$1,567.48"
"16496","United Kingdom",4,"$1,562.22"
"13814","Germany",3,"$1,562.12"
"18239","United Kingdom",5,"$1,561.61"
"17837","United Kingdom",10,"$1,560.53"
"16676","United Kingdom",5,"$1,558.72"
"13313","United Kingdom",5,"$1,555.32"
"17085","United Kingdom",6,"$1,555.05"
"14038","United Kingdom",4,"$1,554.48"
"16369","United Kingdom",3,"$1,553.66"
"15660","United Kingdom",12,"$1,552.01"
"13659","United Kingdom",3,"$1,550.85"
"15117","United Kingdom",6,"$1,550.13"
"12865","Austria",3,"$1,548.07"
"14704","United Kingdom",9,"$1,546.91"
"12352","Norway",11,"$1,545.41"
"14441","United Kingdom",10,"$1,545.14"
"14442","Channel Islands",5,"$1,544.62"
"15701","United Kingdom",4,"$1,542.14"
"16365","United Kingdom",9,"$1,540.42"
"13186","United Kingdom",5,"$1,539.69"
"13397","United Kingdom",6,"$1,539.18"
"13849","United Kingdom",2,"$1,537.95"
"12877","United Kingdom",12,"$1,535.77"
"17159","United Kingdom",4,"$1,534.73"
"16283","United Kingdom",7,"$1,531.51"
"12759","Netherlands",3,"$1,531.44"
"14321","United Kingdom",5,"$1,530.75"
"14567","United Kingdom",3,"$1,524.46"
"15620","United Kingdom",6,"$1,524.40"
"13107","United Kingdom",5,"$1,524.07"
"16244","United Kingdom",2,"$1,522.75"
"16434","United Kingdom",7,"$1,522.25"
"16066","United Kingdom",5,"$1,521.87"
"15906","United Kingdom",8,"$1,521.79"
"13764","United Kingdom",3,"$1,521.76"
"16790","United Kingdom",8,"$1,520.12"
"16880","United Kingdom",7,"$1,519.08"
"13213","United Kingdom",6,"$1,518.43"
"12818","Austria",2,"$1,517.88"
"15532","United Kingdom",6,"$1,517.08"
"16748","United Kingdom",5,"$1,515.90"
"15392","United Kingdom",5,"$1,515.73"
"16053","United Kingdom",2,"$1,511.95"
"17997","United Kingdom",12,"$1,511.30"
"16910","United Kingdom",8,"$1,510.06"
"15265","United Kingdom",2,"$1,506.12"
"15625","United Kingdom",8,"$1,504.56"
"12937","United Kingdom",4,"$1,504.27"
"17152","United Kingdom",4,"$1,503.50"
"15530","United Kingdom",4,"$1,502.35"
"16762","United Kingdom",3,"$1,501.38"
"17571","United Kingdom",4,"$1,498.51"
"16279","United Kingdom",4,"$1,496.68"
"13320","United Kingdom",6,"$1,491.70"
"15916","United Kingdom",10,"$1,491.24"
"15057","United Kingdom",2,"$1,489.50"
"14963","United Kingdom",5,"$1,487.80"
"17002","United Kingdom",4,"$1,487.78"
"17553","United Kingdom",1,"$1,487.60"
"16395","United Kingdom",5,"$1,486.90"
"14878","United Kingdom",9,"$1,485.54"
"14414","United Kingdom",8,"$1,485.13"
"16755","United Kingdom",5,"$1,484.63"
"14758","United Kingdom",4,"$1,484.06"
"18016","United Kingdom",5,"$1,483.56"
"16016","United Kingdom",10,"$1,483.31"
"15427","United Kingdom",3,"$1,483.14"
"17590","United Kingdom",3,"$1,479.22"
"15983","United Kingdom",4,"$1,475.02"
"14246","United Kingdom",3,"$1,474.06"
"16348","United Kingdom",7,"$1,469.45"
"12826","United Kingdom",8,"$1,468.12"
"13692","United Kingdom",5,"$1,466.87"
"15473","United Kingdom",10,"$1,465.20"
"12882","United Kingdom",2,"$1,463.04"
"14541","United Kingdom",8,"$1,461.65"
"16359","United Kingdom",12,"$1,460.37"
"16059","United Kingdom",6,"$1,459.86"
"13309","United Kingdom",5,"$1,456.79"
"13110","United Kingdom",8,"$1,452.87"
"15987","United Kingdom",7,"$1,451.28"
"14229","United Kingdom",5,"$1,450.60"
"14875","United Kingdom",5,"$1,448.72"
"14233","United Kingdom",5,"$1,447.51"
"14591","United Kingdom",4,"$1,447.14"
"16817","United Kingdom",13,"$1,446.95"
"17073","United Kingdom",4,"$1,446.09"
"13461","United Kingdom",3,"$1,445.00"
"13477","United Kingdom",8,"$1,441.53"
"15478","United Kingdom",2,"$1,441.42"
"15858","United Kingdom",5,"$1,438.85"
"14404","United Kingdom",7,"$1,434.72"
"13717","United Kingdom",7,"$1,432.26"
"14566","Channel Islands",1,"$1,432.00"
"13475","United Kingdom",4,"$1,431.78"
"17175","United Kingdom",5,"$1,430.94"
"15426","United Kingdom",7,"$1,429.90"
"16103","United Kingdom",6,"$1,429.64"
"14035","United Kingdom",5,"$1,428.02"
"16996","United Kingdom",9,"$1,427.46"
"14403","United Kingdom",5,"$1,426.31"
"16271","United Kingdom",6,"$1,423.29"
"14740","United Kingdom",4,"$1,423.21"
"17063","United Kingdom",11,"$1,421.59"
"16503","United Kingdom",5,"$1,421.43"
"17288","United Kingdom",7,"$1,419.73"
"15128","United Kingdom",8,"$1,419.54"
"15444","United Kingdom",2,"$1,418.26"
"18116","United Kingdom",8,"$1,418.03"
"14649","United Kingdom",4,"$1,417.29"
"16012","United Kingdom",3,"$1,415.29"
"14901","United Kingdom",10,"$1,414.99"
"17004","United Kingdom",2,"$1,412.94"
"15237","United Kingdom",4,"$1,412.32"
"16394","United Kingdom",9,"$1,412.06"
"15106","United Kingdom",7,"$1,407.73"
"12947","United Kingdom",11,"$1,407.29"
"16173","United Kingdom",7,"$1,406.57"
"17083","United Kingdom",3,"$1,405.78"
"14443","United Kingdom",7,"$1,400.88"
"14741","United Kingdom",6,"$1,400.34"
"14019","United Kingdom",4,"$1,398.96"
"18202","United Kingdom",3,"$1,396.99"
"17856","United Kingdom",6,"$1,393.79"
"17354","United Kingdom",1,"$1,393.06"
"15051","United Kingdom",3,"$1,391.61"
"13414","United Kingdom",3,"$1,390.50"
"13516","United Kingdom",3,"$1,389.41"
"16539","United Kingdom",4,"$1,388.81"
"15453","United Kingdom",7,"$1,388.37"
"15134","United Kingdom",8,"$1,387.99"
"17311","United Kingdom",2,"$1,384.85"
"15898","United Kingdom",6,"$1,384.68"
"13572","United Kingdom",1,"$1,384.25"
"16463","United Kingdom",7,"$1,383.70"
"13995","United Kingdom",6,"$1,383.49"
"17676","United Kingdom",7,"$1,383.27"
"12952","United Kingdom",5,"$1,382.84"
"14116","United Kingdom",5,"$1,382.74"
"16726","United Kingdom",5,"$1,382.02"
"13159","United Kingdom",5,"$1,379.75"
"14113","United Kingdom",8,"$1,377.92"
"15569","United Kingdom",5,"$1,375.71"
"14434","United Kingdom",6,"$1,372.80"
"16669","United Kingdom",4,"$1,370.87"
"14507","United Kingdom",7,"$1,368.18"
"13308","United Kingdom",4,"$1,367.61"
"14897","United Kingdom",4,"$1,366.38"
"15095","United Kingdom",5,"$1,364.70"
"16389","United Kingdom",5,"$1,362.27"
"13232","United Kingdom",7,"$1,357.60"
"18167","United Kingdom",6,"$1,355.51"
"17054","United Kingdom",6,"$1,353.83"
"13813","Germany",5,"$1,353.41"
"17204","United Kingdom",9,"$1,352.91"
"15116","United Kingdom",4,"$1,352.75"
"16245","United Kingdom",5,"$1,352.36"
"14859","United Kingdom",5,"$1,352.04"
"16079","United Kingdom",3,"$1,352.00"
"12770","Japan",1,"$1,351.45"
"12775","Netherlands",6,"$1,351.24"
"12886","United Kingdom",3,"$1,351.09"
"17368","United Kingdom",9,"$1,349.52"
"12646","USA",2,"$1,346.97"
"15411","United Kingdom",5,"$1,346.38"
"14154","United Kingdom",2,"$1,345.62"
"15596","United Kingdom",9,"$1,343.34"
"17372","United Kingdom",8,"$1,342.68"
"16317","United Kingdom",3,"$1,341.65"
"16045","United Kingdom",4,"$1,340.70"
"13743","United Kingdom",8,"$1,340.15"
"15398","United Kingdom",3,"$1,339.63"
"15734","United Kingdom",2,"$1,339.45"
"12620","France",3,"$1,339.41"
"16110","United Kingdom",3,"$1,337.48"
"17621","United Kingdom",4,"$1,336.10"
"15680","United Kingdom",3,"$1,333.68"
"17932","United Kingdom",3,"$1,331.57"
"12676","Sweden",6,"$1,331.39"
"15365","United Kingdom",9,"$1,330.45"
"16493","United Kingdom",6,"$1,329.66"
"16295","United Kingdom",4,"$1,328.55"
"15059","United Kingdom",11,"$1,325.82"
"13396","United Kingdom",4,"$1,325.29"
"16370","United Kingdom",4,"$1,320.56"
"15563","United Kingdom",7,"$1,319.69"
"16083","United Kingdom",2,"$1,317.62"
"12526","Germany",3,"$1,316.66"
"14921","United Kingdom",2,"$1,316.07"
"14102","United Kingdom",8,"$1,314.73"
"16464","United Kingdom",3,"$1,314.68"
"14973","United Kingdom",3,"$1,314.45"
"18177","United Kingdom",7,"$1,314.17"
"15146","United Kingdom",3,"$1,313.66"
"16040","United Kingdom",3,"$1,313.55"
"12364","Belgium",4,"$1,313.10"
"12516","Germany",2,"$1,312.06"
"14748","United Kingdom",6,"$1,311.79"
"13012","United Kingdom",11,"$1,311.62"
"14856","United Kingdom",3,"$1,311.38"
"13501","Switzerland",2,"$1,310.47"
"13168","United Kingdom",5,"$1,310.14"
"13328","United Kingdom",1,"$1,308.48"
"14477","United Kingdom",5,"$1,307.81"
"14071","United Kingdom",9,"$1,307.41"
"12576","Poland",6,"$1,306.98"
"16744","United Kingdom",7,"$1,304.76"
"17919","United Kingdom",1,"$1,304.04"
"15813","United Kingdom",2,"$1,303.91"
"12463","Belgium",7,"$1,303.63"
"12919","United Kingdom",8,"$1,301.44"
"15494","United Kingdom",2,"$1,299.23"
"12488","France",3,"$1,298.66"
"12372","Denmark",3,"$1,298.04"
"17961","United Kingdom",39,"$1,296.44"
"16929","United Kingdom",7,"$1,295.39"
"16224","United Kingdom",4,"$1,295.30"
"16120","United Kingdom",5,"$1,294.14"
"15108","European Community",5,"$1,291.75"
"14047","United Kingdom",7,"$1,290.01"
"14738","United Kingdom",9,"$1,289.94"
"12854","United Kingdom",5,"$1,289.15"
"16571","United Kingdom",5,"$1,285.22"
"17671","United Kingdom",6,"$1,284.08"
"14297","United Kingdom",6,"$1,284.06"
"15136","United Kingdom",5,"$1,282.45"
"16899","United Kingdom",6,"$1,281.56"
"13878","United Kingdom",1,"$1,281.53"
"13538","United Kingdom",7,"$1,280.85"
"14267","United Kingdom",7,"$1,279.09"
"16692","United Kingdom",2,"$1,276.00"
"17019","United Kingdom",4,"$1,272.61"
"14794","United Kingdom",9,"$1,272.11"
"12630","Finland",2,"$1,270.88"
"14669","United Kingdom",3,"$1,269.99"
"13492","Switzerland",3,"$1,269.84"
"13431","United Kingdom",2,"$1,269.10"
"15199","United Kingdom",4,"$1,268.70"
"14511","United Kingdom",6,"$1,267.41"
"17158","United Kingdom",3,"$1,266.97"
"13989","United Kingdom",2,"$1,266.08"
"14916","United Kingdom",5,"$1,264.84"
"16951","United Kingdom",4,"$1,262.75"
"15009","United Kingdom",3,"$1,261.78"
"16688","United Kingdom",4,"$1,260.86"
"16842","United Kingdom",4,"$1,260.44"
"14105","United Kingdom",2,"$1,260.33"
"15497","United Kingdom",3,"$1,259.70"
"17388","United Kingdom",4,"$1,259.56"
"14665","United Kingdom",7,"$1,258.38"
"17412","United Kingdom",7,"$1,258.06"
"12507","Spain",4,"$1,258.06"
"17350","United Kingdom",5,"$1,256.19"
"13848","United Kingdom",3,"$1,255.00"
"17262","United Kingdom",5,"$1,253.36"
"17037","United Kingdom",2,"$1,253.22"
"17802","United Kingdom",4,"$1,251.84"
"14698","United Kingdom",5,"$1,250.76"
"13151","United Kingdom",2,"$1,250.37"
"17481","United Kingdom",5,"$1,249.34"
"14383","United Kingdom",3,"$1,247.69"
"12689","France",2,"$1,247.61"
"13029","United Kingdom",3,"$1,247.50"
"15004","United Kingdom",1,"$1,246.32"
"16101","United Kingdom",3,"$1,245.96"
"16531","United Kingdom",7,"$1,244.59"
"17633","United Kingdom",6,"$1,242.34"
"17588","United Kingdom",3,"$1,240.20"
"13860","United Kingdom",6,"$1,240.00"
"14893","United Kingdom",2,"$1,237.85"
"14684","United Kingdom",5,"$1,236.28"
"15376","United Kingdom",3,"$1,233.36"
"15910","United Kingdom",8,"$1,232.18"
"18080","United Kingdom",2,"$1,231.50"
"13931","United Kingdom",3,"$1,230.93"
"14428","United Kingdom",7,"$1,230.14"
"14898","United Kingdom",8,"$1,228.32"
"14913","United Kingdom",4,"$1,227.43"
"17584","United Kingdom",3,"$1,227.30"
"12412","Denmark",3,"$1,226.88"
"15227","United Kingdom",5,"$1,219.40"
"13491","United Kingdom",10,"$1,215.82"
"12985","United Kingdom",3,"$1,215.62"
"17774","United Kingdom",5,"$1,215.46"
"17410","United Kingdom",5,"$1,214.72"
"13918","United Kingdom",2,"$1,212.84"
"12464","Belgium",8,"$1,212.05"
"18263","United Kingdom",4,"$1,211.08"
"15841","United Kingdom",6,"$1,209.10"
"18171","United Kingdom",7,"$1,208.51"
"13208","United Kingdom",7,"$1,205.90"
"13055","United Kingdom",4,"$1,201.96"
"16794","United Kingdom",12,"$1,201.51"
"16800","United Kingdom",1,"$1,201.49"
"13158","United Kingdom",4,"$1,201.06"
"17320","United Kingdom",3,"$1,200.62"
"17800","United Kingdom",9,"$1,199.01"
"15605","United Kingdom",5,"$1,198.23"
"12997","United Kingdom",7,"$1,197.94"
"13211","United Kingdom",3,"$1,197.42"
"17720","United Kingdom",4,"$1,195.94"
"12967","United Kingdom",4,"$1,194.75"
"15145","United Kingdom",4,"$1,194.73"
"12611","Italy",1,"$1,193.32"
"14064","United Kingdom",7,"$1,188.32"
"16612","United Kingdom",4,"$1,187.66"
"13752","United Kingdom",6,"$1,186.28"
"14487","United Kingdom",7,"$1,183.58"
"15630","United Kingdom",3,"$1,180.40"
"17058","United Kingdom",3,"$1,179.89"
"16950","United Kingdom",3,"$1,178.56"
"17653","United Kingdom",5,"$1,175.88"
"12640","France",3,"$1,174.58"
"15306","United Kingdom",3,"$1,174.35"
"16639","United Kingdom",4,"$1,169.38"
"12358","Austria",2,"$1,168.06"
"14745","United Kingdom",6,"$1,167.16"
"16653","United Kingdom",3,"$1,166.92"
"14857","United Kingdom",3,"$1,165.65"
"14737","United Kingdom",3,"$1,164.55"
"14261","United Kingdom",2,"$1,163.45"
"14447","United Kingdom",5,"$1,163.23"
"16949","United Kingdom",7,"$1,161.27"
"17348","United Kingdom",5,"$1,159.52"
"15621","United Kingdom",6,"$1,158.77"
"14723","United Kingdom",6,"$1,158.30"
"12885","United Kingdom",4,"$1,158.27"
"13611","United Kingdom",4,"$1,158.20"
"13744","United Kingdom",2,"$1,156.36"
"16184","United Kingdom",7,"$1,155.54"
"16062","United Kingdom",4,"$1,153.62"
"12657","France",5,"$1,152.06"
"16042","United Kingdom",7,"$1,147.37"
"13499","United Kingdom",7,"$1,146.96"
"17505","United Kingdom",2,"$1,145.84"
"16766","United Kingdom",2,"$1,145.60"
"15810","United Kingdom",7,"$1,145.43"
"12769","Brazil",1,"$1,143.60"
"17770","United Kingdom",5,"$1,143.27"
"12546","Spain",3,"$1,141.50"
"18125","United Kingdom",5,"$1,141.34"
"16270","United Kingdom",1,"$1,141.24"
"13330","United Kingdom",3,"$1,140.93"
"13819","United Kingdom",3,"$1,140.35"
"15088","United Kingdom",3,"$1,140.27"
"16172","United Kingdom",5,"$1,140.21"
"17135","United Kingdom",7,"$1,139.73"
"12494","France",13,"$1,139.35"
"17500","United Kingdom",3,"$1,138.00"
"13500","United Kingdom",4,"$1,136.77"
"17242","United Kingdom",2,"$1,135.04"
"18168","United Kingdom",9,"$1,133.64"
"16989","United Kingdom",6,"$1,133.25"
"17585","United Kingdom",4,"$1,133.07"
"13772","United Kingdom",3,"$1,132.13"
"15500","United Kingdom",4,"$1,131.56"
"13882","United Kingdom",6,"$1,131.28"
"12710","Germany",4,"$1,130.57"
"14824","United Kingdom",4,"$1,127.71"
"12609","Germany",3,"$1,126.85"
"17470","United Kingdom",5,"$1,125.07"
"13118","United Kingdom",7,"$1,125.00"
"16637","United Kingdom",5,"$1,124.59"
"12462","Spain",4,"$1,124.01"
"14129","United Kingdom",5,"$1,123.86"
"15436","United Kingdom",3,"$1,122.53"
"13486","United Kingdom",3,"$1,122.41"
"16807","United Kingdom",3,"$1,121.59"
"15737","United Kingdom",12,"$1,121.21"
"17302","United Kingdom",6,"$1,119.93"
"17894","United Kingdom",8,"$1,119.81"
"13064","United Kingdom",4,"$1,119.49"
"16086","United Kingdom",6,"$1,119.31"
"12842","United Kingdom",2,"$1,118.99"
"15716","United Kingdom",4,"$1,118.81"
"17788","United Kingdom",2,"$1,117.90"
"13591","United Kingdom",3,"$1,117.13"
"14971","United Kingdom",3,"$1,116.57"
"13610","United Kingdom",9,"$1,115.43"
"16049","United Kingdom",3,"$1,111.79"
"14161","United Kingdom",3,"$1,110.52"
"14817","United Kingdom",2,"$1,110.34"
"15069","United Kingdom",1,"$1,109.53"
"12399","Belgium",4,"$1,108.65"
"15730","United Kingdom",4,"$1,108.38"
"15933","United Kingdom",3,"$1,107.46"
"17562","United Kingdom",8,"$1,107.38"
"16833","United Kingdom",4,"$1,106.53"
"12857","United Kingdom",2,"$1,106.40"
"13447","United Kingdom",4,"$1,104.23"
"17609","United Kingdom",6,"$1,103.92"
"17047","United Kingdom",3,"$1,100.90"
"16350","United Kingdom",5,"$1,100.47"
"15978","United Kingdom",1,"$1,098.78"
"13104","United Kingdom",6,"$1,098.48"
"17966","United Kingdom",5,"$1,098.43"
"14708","United Kingdom",4,"$1,096.67"
"16225","United Kingdom",5,"$1,096.32"
"13652","United Kingdom",3,"$1,095.08"
"15608","United Kingdom",4,"$1,093.68"
"13521","United Kingdom",3,"$1,093.65"
"13476","United Kingdom",4,"$1,092.77"
"15489","United Kingdom",4,"$1,090.03"
"12534","Germany",1,"$1,089.18"
"14744","United Kingdom",9,"$1,088.53"
"17095","United Kingdom",6,"$1,088.20"
"18189","United Kingdom",3,"$1,084.34"
"13467","United Kingdom",2,"$1,083.71"
"13310","United Kingdom",6,"$1,083.63"
"15602","United Kingdom",15,"$1,083.63"
"14561","United Kingdom",3,"$1,080.76"
"16200","United Kingdom",2,"$1,080.62"
"13726","United Kingdom",2,"$1,079.66"
"12354","Spain",1,"$1,079.40"
"16980","United Kingdom",2,"$1,078.96"
"14352","United Kingdom",4,"$1,078.96"
"16563","United Kingdom",1,"$1,077.74"
"15712","United Kingdom",5,"$1,072.36"
"15745","United Kingdom",6,"$1,071.24"
"13635","United Kingdom",1,"$1,071.03"
"17522","United Kingdom",5,"$1,070.71"
"13761","United Kingdom",2,"$1,070.65"
"14212","United Kingdom",1,"$1,070.48"
"14948","United Kingdom",7,"$1,066.57"
"17041","United Kingdom",4,"$1,065.77"
"17277","United Kingdom",2,"$1,065.35"
"17287","United Kingdom",7,"$1,064.11"
"12815","Poland",2,"$1,063.46"
"14411","United Kingdom",1,"$1,063.00"
"16214","United Kingdom",3,"$1,062.75"
"12679","France",9,"$1,058.67"
"14465","United Kingdom",3,"$1,058.62"
"14419","United Kingdom",6,"$1,058.06"
"13853","United Kingdom",2,"$1,056.94"
"15238","United Kingdom",5,"$1,056.54"
"15407","United Kingdom",4,"$1,056.44"
"14514","United Kingdom",3,"$1,055.35"
"15977","United Kingdom",2,"$1,054.73"
"16728","United Kingdom",4,"$1,054.67"
"13715","United Kingdom",8,"$1,053.94"
"12716","France",2,"$1,053.49"
"14583","United Kingdom",5,"$1,052.55"
"15027","United Kingdom",6,"$1,051.95"
"12849","United Kingdom",2,"$1,050.89"
"14224","United Kingdom",4,"$1,050.12"
"14078","United Kingdom",6,"$1,049.37"
"15464","United Kingdom",1,"$1,048.85"
"15763","United Kingdom",3,"$1,048.67"
"13282","United Kingdom",6,"$1,047.84"
"13791","United Kingdom",3,"$1,047.68"
"14488","United Kingdom",2,"$1,047.43"
"14293","United Kingdom",4,"$1,046.56"
"18130","United Kingdom",4,"$1,045.74"
"15996","United Kingdom",7,"$1,044.78"
"17042","United Kingdom",5,"$1,044.38"
"15192","United Kingdom",3,"$1,044.32"
"16918","United Kingdom",7,"$1,043.34"
"12497","Germany",1,"$1,043.10"
"17727","United Kingdom",2,"$1,042.55"
"15801","United Kingdom",4,"$1,042.19"
"12951","United Kingdom",8,"$1,042.07"
"16094","United Kingdom",6,"$1,041.83"
"13719","United Kingdom",5,"$1,041.68"
"14446","United Kingdom",4,"$1,039.58"
"13131","United Kingdom",4,"$1,039.30"
"16320","Unspecified",2,"$1,038.46"
"16175","United Kingdom",4,"$1,037.59"
"15985","United Kingdom",3,"$1,037.42"
"16520","United Kingdom",4,"$1,036.62"
"12691","France",6,"$1,035.80"
"16260","United Kingdom",1,"$1,035.45"
"15171","United Kingdom",2,"$1,034.50"
"13639","United Kingdom",1,"$1,033.34"
"18221","United Kingdom",6,"$1,033.31"
"12599","France",7,"$1,032.58"
"12724","France",4,"$1,031.41"
"13253","United Kingdom",2,"$1,030.40"
"17033","United Kingdom",3,"$1,030.14"
"14584","United Kingdom",5,"$1,029.26"
"15333","United Kingdom",1,"$1,028.56"
"16682","United Kingdom",5,"$1,028.00"
"16416","United Kingdom",4,"$1,026.99"
"16533","United Kingdom",5,"$1,026.94"
"13956","United Kingdom",5,"$1,026.42"
"14904","United Kingdom",2,"$1,025.44"
"15777","United Kingdom",5,"$1,021.61"
"14346","United Kingdom",2,"$1,021.58"
"13165","United Kingdom",2,"$1,021.48"
"15839","United Kingdom",5,"$1,020.74"
"13376","United Kingdom",3,"$1,019.76"
"14276","United Kingdom",5,"$1,019.39"
"12828","United Kingdom",6,"$1,018.71"
"14083","United Kingdom",9,"$1,018.43"
"12514","Italy",1,"$1,017.68"
"13728","United Kingdom",6,"$1,016.14"
"13867","United Kingdom",3,"$1,015.29"
"18142","United Kingdom",4,"$1,014.90"
"12642","Germany",3,"$1,013.26"
"12739","United Arab Emirates",2,"$1,013.04"
"17197","United Kingdom",1,"$1,013.01"
"12936","United Kingdom",5,"$1,012.90"
"14775","United Kingdom",3,"$1,011.90"
"16229","United Kingdom",2,"$1,010.60"
"16174","United Kingdom",3,"$1,009.55"
"16160","United Kingdom",4,"$1,009.45"
"13455","United Kingdom",4,"$1,007.35"
"14631","United Kingdom",3,"$1,006.98"
"13429","United Kingdom",4,"$1,006.80"
"15329","United Kingdom",5,"$1,005.50"
"12572","Germany",3,"$1,004.72"
"15104","United Kingdom",3,"$1,002.54"
"12446","RSA",1,"$1,002.31"
"15706","United Kingdom",7,"$1,001.81"
"12545","Spain",2,"$1,000.39"
"15508","United Kingdom",6,"$1,000.27"
"14214","United Kingdom",7,"$1,000.23"
"18143","United Kingdom",2,"$1,000.16"
